project_name,top_5,top_10,top_20,top_50
DEU,0.8636363636363636,0.8977272727272727,0.9318181818181818,0.9886363636363636
GBR,0.6428571428571429,0.7321428571428571,0.75,0.8571428571428571
NLD,0.5348837209302325,0.6744186046511628,0.7441860465116279,1.0
SAU,0.7721179624664879,0.8927613941018767,0.9168900804289544,0.9329758713136729
